key,label,reason,repository,file,line,class,snippet
NodeGoat:Gruntfile.js:165:command-injection,FP,"Build script: NODE_ENV / the grunt task argument is supplied by the developer running the build, not by an attacker.",NodeGoat,Gruntfile.js,165,command-injection,exec(
NodeGoat:app/data/user-dao.js:51:weak-cryptography,FP,"Math.random generates demo data (a random date), not a security value.",NodeGoat,app/data/user-dao.js,51,weak-cryptography,const day = (Math.floor(Math.random() * 10) + today.getDay()) % 29;
NodeGoat:app/routes/contributions.js:33:remote-code-execution,TP,eval() of a request body field; this is NodeGoat's documented server-side injection.,NodeGoat,app/routes/contributions.js,33,remote-code-execution,const afterTax = eval(req.body.afterTax);
NodeGoat:app/routes/contributions.js:34:remote-code-execution,TP,eval() of a request body field; NodeGoat's documented server-side injection.,NodeGoat,app/routes/contributions.js,34,remote-code-execution,const roth = eval(req.body.roth);
NodeGoat:app/routes/index.js:72:open-redirect,TP,res.redirect(req.query.url) with no validation; the comment above it says as much.,NodeGoat,app/routes/index.js,72,open-redirect,return res.redirect(req.query.url);
NodeGoat:app/routes/session.js:16:weak-cryptography,FP,"Math.random generates demo allocation percentages, not a security value.",NodeGoat,app/routes/session.js,16,weak-cryptography,const stocks = Math.floor((Math.random() * 40) + 1);
NodeGoat:app/routes/session.js:17:weak-cryptography,FP,"Math.random generates demo allocation percentages, not a security value.",NodeGoat,app/routes/session.js,17,weak-cryptography,const funds = Math.floor((Math.random() * 40) + 1);
NodeGoat:app/routes/session.js:64:log-injection,TP,User-supplied userName is written to the log unencoded; NodeGoat documents this as its log injection.,NodeGoat,app/routes/session.js,64,log-injection,"console.log(""Error: attempt to login with invalid user: "", userName);"
NodeGoat:config/env/development.js:6:hardcoded-secret,TP,A literal API key committed in the config file.,NodeGoat,config/env/development.js,6,hardcoded-secret,"zapApiKey: ""v9dn0balpqas1pcc281tn5ood1"","
NodeGoat:config/env/test.js:6:hardcoded-secret,TP,The same literal API key committed in the test config.,NodeGoat,config/env/test.js,6,hardcoded-secret,"zapApiKey: ""v9dn0balpqas1pcc281tn5ood1"","
Vulnerable-Flask-App:app/app.py:141:weak-cryptography,TP,MD5 used to hash a password.,Vulnerable-Flask-App,app/app.py,141,weak-cryptography,hash_pass = hashlib.md5(password).hexdigest()
Vulnerable-Flask-App:app/app.py:28:hardcoded-secret,TP,Flask secret_key hardcoded in source.,Vulnerable-Flask-App,app/app.py,28,hardcoded-secret,"app.secret_key = 'F12Zr47j\3yX R~X@H!jmM]Lwf/,?KT'"
Vulnerable-Flask-App:tests/e2e_zap.py:18:weak-cryptography,FP,End-to-end test script routing through a local intercepting proxy; certificate verification is off on purpose and nothing here ships.,Vulnerable-Flask-App,tests/e2e_zap.py,18,weak-cryptography,"proxies=proxies, json=auth_dict, verify=False)"
Vulnerable-Flask-App:tests/e2e_zap.py:29:weak-cryptography,FP,End-to-end test script routing through a local intercepting proxy; certificate verification is off on purpose and nothing here ships.,Vulnerable-Flask-App,tests/e2e_zap.py,29,weak-cryptography,"target_url + '/get/2', proxies=proxies, headers=auth_header, verify=False)"
Vulnerable-Flask-App:tests/e2e_zap.py:45:weak-cryptography,FP,End-to-end test script routing through a local intercepting proxy; certificate verification is off on purpose and nothing here ships.,Vulnerable-Flask-App,tests/e2e_zap.py,45,weak-cryptography,"target_url + '/search', json=search, proxies=proxies, headers=auth_header, verify=False)"
dvna:core/appHandler.js:11:sql-injection,TP,"SQL built by concatenating req.body.login, then executed with sequelize.query.",dvna,core/appHandler.js,11,sql-injection,"db.sequelize.query(query, {"
dvna:core/appHandler.js:145:nosql-injection,FP,"Wrong class: this is a Sequelize model query with a where clause, which the ORM binds. It is not a document-database filter.",dvna,core/appHandler.js,145,nosql-injection,db.User.find({
dvna:core/appHandler.js:188:open-redirect,TP,res.redirect(req.query.url) with no validation.,dvna,core/appHandler.js,188,open-redirect,res.redirect(req.query.url)
dvna:core/appHandler.js:197:remote-code-execution,TP,User-supplied expression passed to mathjs.eval; this is dvna's intended code-execution flaw.,dvna,core/appHandler.js,197,remote-code-execution,output: mathjs.eval(req.body.eqn)
dvna:core/appHandler.js:85:nosql-injection,FP,"Wrong class: Sequelize model query with a where clause, not a document-database filter.",dvna,core/appHandler.js,85,nosql-injection,db.Product.find({
dvna:core/authHandler.js:21:nosql-injection,FP,"Wrong class: Sequelize model query with a where clause, not a document-database filter.",dvna,core/authHandler.js,21,nosql-injection,db.User.find({
dvna:core/authHandler.js:43:nosql-injection,FP,"Wrong class: Sequelize model query with a where clause, not a document-database filter.",dvna,core/authHandler.js,43,nosql-injection,db.User.find({
express:examples/auth/index.js:106:log-injection,TP,authenticate() writes the submitted username and password to the log unencoded.,express,examples/auth/index.js,106,log-injection,"authenticate(req.body.username, req.body.password, function(err, user){"
express:examples/mvc/controllers/pet/index.js:30:open-redirect,FP,Redirect target is a fixed local path plus an id. Flagged only because assigning to req.pet.name tainted all of req (no field sensitivity).,express,examples/mvc/controllers/pet/index.js,30,open-redirect,res.redirect('/pet/' + req.pet.id);
express:examples/mvc/controllers/user/index.js:40:open-redirect,FP,Redirect target is a fixed local path plus an id. Flagged only because assigning to req.user.name tainted all of req (no field sensitivity).,express,examples/mvc/controllers/user/index.js,40,open-redirect,res.redirect('/user/' + req.user.id);
express:examples/route-separation/user.js:46:open-redirect,FP,"Redirects to the Referer header; reached through the same whole-object taint of req, and not attacker-exploitable in the usual open-redirect sense.",express,examples/route-separation/user.js,46,open-redirect,res.redirect(req.get('Referrer') || '/');
express:examples/search/index.js:57:log-injection,TP,The path parameter is interpolated into a logged message unencoded.,express,examples/search/index.js,57,log-injection,"console.error(`Redis error for query ""${query}"":`, err);"
flask:src/flask/cli.py:1022:path-traversal,FP,"Opens the file named by PYTHONSTARTUP, set by the user running the CLI; this mirrors the Python interpreter's own behaviour.",flask,src/flask/cli.py,1022,path-traversal,with open(startup) as f:
flask:src/flask/config.py:124:path-traversal,FP,Loads a config file named by an environment variable the deployer sets; not attacker input.,flask,src/flask/config.py,124,path-traversal,"return self.from_pyfile(rv, silent=silent)"
flask:src/flask/sessions.py:281:weak-cryptography,FP,"SHA-1 here is the digest inside an HMAC signature, where collision attacks do not apply; Flask uses it deliberately.",flask,src/flask/sessions.py,281,weak-cryptography,return hashlib.sha1(string)
flask:src/flask/sessions.py:332:insecure-deserialization,FP,"s is an itsdangerous signed serializer: the signature is verified and the payload is JSON, so nothing is instantiated.",flask,src/flask/sessions.py,332,insecure-deserialization,"data = s.loads(val, max_age=max_age)"
gin:gin_integration_test.go:38:weak-cryptography,FP,"Test code talking to a local httptest TLS server with a self-signed certificate. Also the same construct as line 39, reported twice.",gin,gin_integration_test.go,38,weak-cryptography,TLSClientConfig: &tls.Config{
gin:gin_integration_test.go:39:weak-cryptography,FP,Test code talking to a local httptest TLS server with a self-signed certificate.,gin,gin_integration_test.go,39,weak-cryptography,"InsecureSkipVerify: true,"
gin:gin_test.go:176:weak-cryptography,FP,"Test code talking to a local httptest TLS server. Same construct as line 177, reported twice.",gin,gin_test.go,176,weak-cryptography,TLSClientConfig: &tls.Config{
gin:gin_test.go:177:weak-cryptography,FP,Test code talking to a local httptest TLS server with a self-signed certificate.,gin,gin_test.go,177,weak-cryptography,"InsecureSkipVerify: true,"
gin:gin_test.go:294:weak-cryptography,FP,"Test code talking to a local httptest TLS server. Same construct as line 295, reported twice.",gin,gin_test.go,294,weak-cryptography,TLSClientConfig: &tls.Config{
gin:gin_test.go:295:weak-cryptography,FP,Test code talking to a local httptest TLS server with a self-signed certificate.,gin,gin_test.go,295,weak-cryptography,"InsecureSkipVerify: true,"
gin:gin_test.go:403:weak-cryptography,FP,"Test code talking to a local httptest TLS server. Same construct as line 404, reported twice.",gin,gin_test.go,403,weak-cryptography,TLSClientConfig: &tls.Config{
gin:gin_test.go:404:weak-cryptography,FP,Test code talking to a local httptest TLS server with a self-signed certificate.,gin,gin_test.go,404,weak-cryptography,"InsecureSkipVerify: true,"
gin:render/text.go:24:cross-site-scripting,FP,r.Format matched the source pattern r.Form by substring. The value is the renderer's own format string and the response is text/plain.,gin,render/text.go,24,cross-site-scripting,"return WriteString(w, r.Format, r.Data)"
gin:routergroup.go:267:path-traversal,FP,"fs is an http.FileSystem, which confines the path to its own root; this is gin's static file handler.",gin,routergroup.go,267,path-traversal,"f, err := fs.Open(file)"
go-test-bench:pkg/servechi/servechi.go:29:log-injection,TP,The request path is written to the log unencoded.,go-test-bench,pkg/servechi/servechi.go,29,log-injection,"log.Println(v.Name, r.URL.Path)"
go-test-bench:pkg/servechi/servechi.go:87:open-redirect,FP,"Only the query string is user-controlled; the redirect's host is the request's own Host, so it cannot be sent elsewhere.",go-test-bench,pkg/servechi/servechi.go,87,open-redirect,"http.Redirect(w, r, redirectURL, http.StatusMovedPermanently)"
go-test-bench:pkg/servechi/servechi.go:91:log-injection,TP,The request path is written to the log unencoded.,go-test-bench,pkg/servechi/servechi.go,91,log-injection,"log.Println(rt.Name, r.URL.Path)"
go-test-bench:pkg/servegin/inputs.go:57:log-injection,TP,logErr() writes the request header value to the log unencoded.,go-test-bench,pkg/servegin/inputs.go,57,log-injection,"logErr(c, inpFrom, err, input)"
go-test-bench:pkg/servejschmidt/servejschmidt.go:29:log-injection,TP,The request path is written to the log unencoded.,go-test-bench,pkg/servejschmidt/servejschmidt.go,29,log-injection,"log.Println(v.Name, r.URL.Path)"
go-test-bench:pkg/servejschmidt/servejschmidt.go:80:log-injection,TP,The request path is written to the log unencoded.,go-test-bench,pkg/servejschmidt/servejschmidt.go,80,log-injection,"log.Println(rt.Name, r.URL.Path)"
go-test-bench:pkg/servestd/servestd.go:119:cross-site-scripting,TP,User input is passed through the selected sink handler and written to the response with a handler-chosen content type; the bench's reflected-output path.,go-test-bench,pkg/servestd/servestd.go,119,cross-site-scripting,"fmt.Fprint(w, data)"
govwa:public/js/bootstrap.js:1681:weak-cryptography,FP,"Vendored Bootstrap: Math.random builds a DOM element id, not a security value.",govwa,public/js/bootstrap.js,1681,weak-cryptography,do prefix += ~~(Math.random() * 1000000)
govwa:user/user.go:160:weak-cryptography,TP,MD5 used to hash passwords.,govwa,user/user.go,160,weak-cryptography,hasher := md5.New()
govwa:user/user.go:90:sql-injection,FP,"The callee uses a prepared statement; username and pass are bound parameters of stmt.QueryRow, not SQL text.",govwa,user/user.go,90,sql-injection,"uData := checkUserQuery(uname, pass) //handle user data from db"
govwa:util/middleware/middleware.go:23:log-injection,TP,The User-Agent header is written to the log unencoded.,govwa,util/middleware/middleware.go,23,log-injection,"log.Printf(""Request From %s"", r.Header.Get(""User-Agent""))"
govwa:util/middleware/middleware.go:26:log-injection,TP,The request path is written to the log unencoded.,govwa,util/middleware/middleware.go,26,log-injection,"log.Printf(""Completed %s in %v"", r.URL.Path, time.Since(start))"
govwa:vulnerability/csa/csa.go:62:weak-cryptography,TP,MD5 used to hash passwords.,govwa,vulnerability/csa/csa.go,62,weak-cryptography,hasher := md5.New()
govwa:vulnerability/idor/idor.go:108:log-injection,FP,"The logged value is a database error, not request data; taint reached it through the return value of an unmodelled call.",govwa,vulnerability/idor/idor.go,108,log-injection,log.Println(err.Error())
govwa:vulnerability/idor/idor.go:152:log-injection,FP,"The logged value is a database error, not request data; taint reached it through the return value of an unmodelled call.",govwa,vulnerability/idor/idor.go,152,log-injection,log.Println(err.Error())
govwa:vulnerability/idor/idor.go:164:weak-cryptography,TP,MD5 used to hash passwords.,govwa,vulnerability/idor/idor.go,164,weak-cryptography,hasher := md5.New()
govwa:vulnerability/sqli/sqli.go:87:log-injection,FP,"The logged value is a database error, not request data; taint reached it through the return value of an unmodelled call.",govwa,vulnerability/sqli/sqli.go,87,log-injection,"log.Printf(""prepare error : %s"", err.Error())"
govwa:vulnerability/xss/xss.go:100:cross-site-scripting,TP,Profile fields are formatted into inline JavaScript and marked trusted with template.HTML; this is govwa's intended stored XSS.,govwa,vulnerability/xss/xss.go,100,cross-site-scripting,"data[""inlineJS""] = template.HTML(inlineJS) //this will render the javascript on client browser"
govwa:vulnerability/xss/xss.go:59:cross-site-scripting,TP,The search term is formatted into HTML and marked trusted with template.HTML; govwa's intended reflected XSS.,govwa,vulnerability/xss/xss.go,59,cross-site-scripting,"data[""term""] = template.HTML(notFound) //vulnerable function"
govwa:vulnerability/xss/xss.go:63:cross-site-scripting,TP,The search term is wrapped in markup and marked trusted with template.HTML.,govwa,vulnerability/xss/xss.go,63,cross-site-scripting,"data[""term""] = template.HTML(vuln)"
govwa:vulnerability/xss/xss.go:84:log-injection,FP,"The logged value is a database error, not request data; taint reached it through the return value of an unmodelled call.",govwa,vulnerability/xss/xss.go,84,log-injection,log.Println(err.Error())
pygoat:dockerized_labs/broken_auth_lab/app.py:86:weak-cryptography,TP,Password-reset token derived with MD5 from the email and a timestamp.,pygoat,dockerized_labs/broken_auth_lab/app.py,86,weak-cryptography,"token = hashlib.md5(f""{email}:{datetime.now()}"".encode()).hexdigest()"
pygoat:dockerized_labs/insec_des_lab/main.py:36:insecure-deserialization,TP,pickle.loads on base64-decoded request data.,pygoat,dockerized_labs/insec_des_lab/main.py,36,insecure-deserialization,user = pickle.loads(decoded_data)
pygoat:introduction/mitre.py:233:command-injection,TP,Helper that runs its argument with shell=True; its caller builds the command from a request field.,pygoat,introduction/mitre.py,233,command-injection,"process = subprocess.Popen(command, shell=True, stdout=subprocess.PIPE, stderr=subprocess.PIPE)"
pygoat:introduction/mitre.py:242:command-injection,TP,A request field is concatenated into a command and passed to a helper that runs it with shell=True.,pygoat,introduction/mitre.py,242,command-injection,"res, err = command_out(command)"
pygoat:introduction/playground/A9/api.py:16:log-injection,TP,Username and password from the request are written to the log unencoded.,pygoat,introduction/playground/A9/api.py,16,log-injection,"L.info(f""POST request with username {username} and password {password}"")"
pygoat:introduction/playground/A9/archive.py:16:log-injection,TP,Username and password from the request are written to the log unencoded.,pygoat,introduction/playground/A9/archive.py,16,log-injection,"L.info(f""POST request with username {username} and password {password}"")"
pygoat:introduction/views.py:162:sql-injection,TP,"SQL built by concatenating the request's name and password, executed with .raw().",pygoat,introduction/views.py,162,sql-injection,val=login.objects.raw(sql_query)
pygoat:introduction/views.py:430:command-injection,TP,User-supplied domain formatted into a command run with shell=True.,pygoat,introduction/views.py,430,command-injection,process = subprocess.Popen(
pygoat:introduction/views.py:432:command-injection,TP,User-supplied domain formatted into a command run with shell=True.,pygoat,introduction/views.py,432,command-injection,"shell=True,"
pygoat:introduction/views.py:460:remote-code-execution,TP,eval() of a POST field.,pygoat,introduction/views.py,460,remote-code-execution,output = eval(val)
pygoat:introduction/views.py:588:remote-code-execution,TP,"User-supplied string passed to PIL ImageMath.eval, which executes it.",pygoat,introduction/views.py,588,remote-code-execution,"output = ImageMath.eval(function_str,img = img, b=b, r=r, g=g)"
pygoat:introduction/views.py:668:log-injection,TP,User name and X-Forwarded-For value are written to the log unencoded.,pygoat,introduction/views.py,668,log-injection,"logging.warning(f""{now}:{ip}:{user}"")"
pygoat:introduction/views.py:669:log-injection,TP,User name and X-Forwarded-For value are written to the log unencoded.,pygoat,introduction/views.py,669,log-injection,"logging.info(f""{now}:{ip}:{user}"")"
pygoat:introduction/views.py:927:path-traversal,TP,"Request value joined into a path and opened, with no containment check.",pygoat,introduction/views.py,927,path-traversal,"file = open(filename,""r"")"
pygoat:introduction/views.py:963:ssrf,TP,requests.get on a URL taken from the request body.,pygoat,introduction/views.py,963,ssrf,response = requests.get(url)
pygoat:pygoat/settings.py:25:hardcoded-secret,TP,Django SECRET_KEY hardcoded in settings.,pygoat,pygoat/settings.py,25,hardcoded-secret,SECRET_KEY = 'lr66%-a!$km5ed@n5ug!tya5bv!0(yqwa1tn!q%0%3m2nh%oml'
vulpy:bad/brute.py:21:command-injection,FP,"Command-line helper that runs a program named in its own argv, as an argument vector with no shell.",vulpy,bad/brute.py,21,command-injection,"result = subprocess.run([program, username, password], stdout=subprocess.DEVNULL)"
